user_id,number,kind
9SH9V,+1-156-593-8778,work
8EBHM,(012)309-8910x13991,home
GZ97S,761-047-1428,home
GZ97S,001-977-658-2369x4022,work
GZ97S,(682)417-3042x814,mobile
55M8O,926-351-1087x317,home
55M8O,+1-729-668-7577x389,work
DG4JB,853-671-0979,home
WECC5,(696)116-1162,work
4WQIB,754-203-5574,home
4FLGR,004-689-6714x543,work
FCEQT,+1-763-778-5707x4270,work
FCEQT,904-432-9431,home
0N456,359.191.5587x540,work
0N456,530.481.0777x0677,mobile
CT9EA,8855902622,work
CT9EA,908-957-7403,mobile
A861D,+1-510-562-3762x5425,home
A861D,8298215323,work
OYWI5,+1-522-509-0925x54457,mobile
OYWI5,186.428.2129,home
1IN21,132.716.6446x59514,work
F1G3J,050.562.4629x2648,mobile
ZHZW5,+1-378-252-7808x185,work
JWXSS,+1-640-811-5517,home
JWXSS,(223)950-7603,mobile
BLIBV,(525)780-3429x546,mobile
LZAU3,+1-732-881-8202x86937,home
LZAU3,(538)707-9148x7867,work
E189I,001-503-006-8021x993,mobile
E189I,667.063.6094,work
K99E6,(646)198-5373,work
8XKTJ,001-835-288-9962x97939,home
8XKTJ,+1-931-864-5732x58576,work
ZW64O,656.016.9220x1630,home
IHMF3,+1-323-639-7524,home
IHMF3,1904124388,mobile
PW40B,+1-771-652-8037,work
PW40B,744.667.0285,mobile
YM05M,801-036-7465,mobile
X9W2Z,559-669-6849x3363,home
X9W2Z,803.471.0391x403,mobile
IJBH1,629.621.9127x416,work
IJBH1,(705)216-9303x6009,mobile
IJBH1,(197)444-3600,home
SHKRM,(122)069-1184,home
TGLI2,001-520-782-6497x3079,mobile
TGLI2,(643)343-8957x395,work
O0KP9,001-765-601-0524x987,work
T37DM,+1-085-327-5734,mobile
6F0TV,(373)611-8618x72033,work
6F0TV,131.829.3898x9696,mobile
RHW68,(852)185-5153,mobile
RHW68,+1-511-738-0091x74948,home
540AP,(270)670-4896x799,home
8X3PV,+1-736-160-4924x4818,mobile
8X3PV,(760)101-5348,work
XOFFF,1782369582,work
XOFFF,218.869.4316x0875,home
MGW5R,741.353.6095x227,mobile
VTFH5,(117)782-8125x68218,mobile
VTFH5,(439)129-6545x8500,home
VTFH5,202-553-1872x453,work
BF3QQ,001-991-640-4009,mobile
M54Q6,461.312.9727,mobile
PZG0D,547-532-7253x72189,home
QK2B9,864-702-5273x31276,home
QK2B9,001-665-953-5728x0720,work
F79ZR,(754)847-8565x64037,home
F79ZR,001-271-736-2108,work
VJL5E,(604)292-1687,work
VJL5E,954.224.3156,mobile
426K8,803.572.9330x3145,home
426K8,+1-892-864-0520x837,mobile
ILH54,685.221.4427x43893,mobile
ILH54,217.675.9472x40617,home
O9MC8,001-817-897-4591x3064,mobile
O9MC8,5535556306,home
9FRBB,+1-469-807-9936,mobile
9FRBB,165-015-9183x90004,work
9FRBB,450.999.4151x2674,home
ZNF0R,4689415795,work
ZNF0R,001-183-085-2397x876,home
HHYUU,195-516-3594x23829,home
L72RV,(076)910-6493,home
VOV5J,001-920-124-9442,work
VOV5J,+1-418-800-5697x5931,home
VR7T2,+1-101-551-9413x4911,work
VR7T2,633.915.2417,home
VR7T2,622-987-1395x940,mobile
GIJNW,001-803-996-4112x12833,mobile
F9R3A,148.835.4386,work
T21O4,480-679-2020x865,mobile
T21O4,231.881.8386x5439,work
U29GK,(256)384-5548,work
G6UPG,6793140279,home
7D3PZ,+1-953-000-0351x14470,mobile
WBPAX,1616279949,work
WBPAX,001-087-764-7599x81290,home
Z0XGU,3413413239,mobile
DGIQS,+1-342-337-3345x39521,work
A7G8C,+1-354-272-5332x967,work
A7G8C,+1-309-766-7341x57659,mobile
08KUN,012-874-2113x983,work
3KCKA,001-649-823-0713x74944,home
3KCKA,044-111-3990,mobile
F28UM,001-299-422-9707x9483,mobile
KGX0O,012.244.2325x5833,work
KGX0O,786.431.8769,home
3XOCG,+1-953-018-1466,work
I7SFL,+1-546-530-6251x23827,mobile
RBL4D,323.568.6159,mobile
19J34,449.928.9651x218,home
19J34,734.986.7473x986,mobile
V8GKC,646-907-3843x0984,mobile
S1V3H,+1-183-273-9540x20574,home
S1V3H,7634297715,mobile
9X7GU,293-678-0469x145,home
V1WOH,(444)151-0319,mobile
V1WOH,200-031-0714x38562,home
DGJ85,+1-904-372-0283x57638,work
E9ZT8,153.578.6833,mobile
6E64O,082-583-9453x658,work
6E64O,814.321.4580x5802,home
6E64O,+1-450-890-9637x74260,mobile
PPOCS,8798593629,mobile
PPOCS,001-074-019-0587x6971,work
34K6O,298-978-1664x57956,mobile
QLECR,576.849.0113x33458,home
QLECR,670-259-1426x6775,mobile
XLZ45,+1-671-807-4151x75866,mobile
XLZ45,(527)497-5415,home
E5UW1,+1-583-837-7312x24520,home
UIDTQ,001-089-263-4095,work
1HZAS,667.550.2718x5265,work
SFIDV,280.312.8036,work
SFIDV,056.162.6986x426,mobile
B0WMN,308.249.5343,mobile
B0WMN,(644)845-9400x516,home
G60H0,502.787.6802,work
8LFHI,467-624-4940,work
8LFHI,001-577-049-4329x844,home
K3MXR,001-258-846-1726,home
GT3TI,(894)416-8514x5396,home
1HKQM,(021)217-5392x4165,work
006O3,001-765-203-3662,work
XPPM0,001-112-925-2487x438,home
XPPM0,235-281-1759x1342,work
XPPM0,+1-981-967-5497x1761,mobile
5IIW3,710-425-7334,home
WLPL6,001-512-548-1825,home
P34SI,001-980-200-9244x4963,home
P34SI,+1-539-817-7789,mobile
N5X40,640-432-6925,home
UOQ2K,001-136-744-8117,home
2LNLH,(704)044-3243x813,home
DJXHT,(551)646-2484,mobile
DJXHT,941-972-9415x0226,work
RJWPA,(991)865-4519x2733,home
X3L0S,+1-080-012-5778x16287,home
X3L0S,7911927290,mobile
WIWT3,001-245-534-9645x907,home
WIWT3,1458054571,work
SRXC0,3631481947,mobile
SRXC0,140.326.9651,work
FWS8D,+1-813-515-0386,work
FWS8D,(372)013-8284x973,home
8VI0V,+1-517-627-0073x3983,mobile
8VI0V,7313872419,work
EJ8AM,(609)210-7038,work
HZLY8,(864)590-6049x76321,home
5D94C,+1-605-174-3576x7045,work
5D94C,+1-634-223-2134x4081,mobile
029X1,855.899.7543x0895,home
029X1,216.470.8586x0849,work
CC7BL,001-264-483-0223x609,home
SSQAN,499.243.0857x01095,mobile
SSQAN,(507)731-2936x270,home
LW98R,+1-327-874-8582x0345,home
LW98R,638-815-1092x202,work
P8UOK,(324)152-9911x181,home
P8UOK,+1-596-963-7011,work
X7OBY,001-740-650-4331,work
ZRBZG,563-428-9961x323,work
ZUULM,001-326-231-7336x206,work
IHE8P,+1-022-405-9662x02619,home
CRABF,325.863.6655,work
FQGYY,+1-611-613-2863,home
FQGYY,(313)670-0643x1919,mobile
8DXG1,(399)726-0072,mobile
8HANL,962-536-8631x35076,mobile
N5FGR,(709)369-4267,work
05TT7,001-858-508-6459x611,mobile
05TT7,+1-286-263-4218x49806,work
92I2Y,163-482-4763,work
92I2Y,299-423-5401x780,home
WDTPK,001-006-199-7859x75530,home
WDTPK,656.555.0006,work
E3B3Y,274-092-6219,work
MYGLQ,177.730.8345,work
MYGLQ,670-202-8187,home
5EICG,+1-068-714-5074x8902,home
5EICG,707-684-0943x598,work
5EICG,(529)919-0607x938,mobile
5XGBY,001-850-137-6797x06179,home
5XGBY,630-310-9579x3504,work
L3CC2,935.286.1673,mobile
L3CC2,(167)835-0868x7889,work
TYGLN,668.035.5665x43754,work
TYGLN,001-229-714-3425,mobile
TYGLN,755.778.1491x401,home
WUSF0,687.210.9965x384,work
WUSF0,970-597-5494x79588,home
6NS86,487.078.6846x39491,mobile
6NS86,001-270-547-3856x9571,work
HBAFR,839.718.7485,work
HBAFR,855-965-8818x84253,home
1H9CX,950.242.8339x623,mobile
7TLQP,1285964298,home
7TLQP,+1-707-246-0986x1261,mobile
L72E7,596.282.4038x70618,mobile
L72E7,(855)562-7627x5290,work
HSHEJ,549.860.3075,home
QS8TO,5139024038,work
4DGUK,2296040653,work
4DGUK,494-642-1860x64811,home
U4LP6,986-125-7367x80902,work
NJYKN,001-986-654-6267x64343,home
LICJK,797-261-4940,mobile
8AQG4,001-646-387-1182x15394,work
THO1P,598.344.5709,work
XCUZG,+1-342-543-7009,mobile
XCUZG,001-577-231-1246x01874,work
0OSLH,484.741.3617,home
0OSLH,004.316.4718x4250,work
WVD22,(883)475-5929x53019,mobile
WVD22,8160985456,work
HCDNI,001-336-529-0089x0068,mobile
HCDNI,+1-015-726-7113x108,home
41N52,(543)015-3349,mobile
UNCBN,+1-171-479-3968x569,home
UNCBN,781.515.3711x1727,mobile
011WF,131-363-3730,mobile
JMFY4,371-070-2731,mobile
7P11Q,258-259-2049,home
7P11Q,001-465-992-1244x05578,mobile
7P11Q,+1-716-730-9628x9553,work
LT1QA,001-571-677-9769,mobile
LT1QA,459-533-2499x6116,work
LT1QA,(042)414-4567x253,home
OCSC1,(461)885-5556x8326,home
S7Y3V,(596)355-0738,mobile
S7Y3V,+1-825-177-1815x412,home
YWTAO,874.312.1448x6797,mobile
YWTAO,(689)448-4304x35574,home
ELMVL,+1-878-483-6199x370,mobile
ELMVL,383-733-2861,home
YBACL,659-769-9816,home
0MSFY,+1-375-964-8000x512,home
0MSFY,156-805-3460,mobile
RK6DU,001-452-651-7628x583,mobile
3XNZ1,001-021-372-2128x910,home
3XNZ1,228-981-3224,mobile
3XNZ1,761.128.1308x911,work
RBP64,281-429-4253x77414,mobile
RBP64,5805362588,work
3JETR,(708)030-9681,mobile
LO0YU,8421676114,work
86J10,391.005.3036x7010,mobile
86J10,(204)071-6980x62350,work
86J10,(841)507-8414x157,home
BJTDP,001-631-189-2064x35720,work
BJTDP,(740)179-0218x8740,home
CSD0V,(850)486-6984,mobile
P027C,+1-541-129-5145,work
P027C,(842)731-5383,home
O8YYV,(711)910-9073x47312,work
O8YYV,349.995.7471,home
M2S46,+1-365-543-9361x9998,work
MCYKS,165.029.6203,home
MCYKS,075-350-8705x432,work
6S8DR,507.758.3258,mobile
6S8DR,412-190-6683x10580,work
DNCLE,0001831222,mobile
DNCLE,001-218-684-5088x738,home
42LPG,182.067.4324,home
42LPG,(983)830-0930x69693,mobile
C0UHU,+1-601-593-6923,home
CTMHY,001-739-354-6700x8360,home
CTMHY,(986)862-1732x09571,work
BAOCV,0667669542,mobile
BAOCV,001-506-447-4309x328,home
BAOCV,4603205498,work
CA969,(637)569-3980x6696,mobile
J05HH,4211547646,work
J05HH,835.241.8306,mobile
6BAHN,001-144-949-3099x81668,mobile
JY3X4,+1-127-036-4495x611,mobile
NEDMB,+1-929-025-5018x8181,work
NEDMB,+1-544-978-1155x226,mobile
QFR1K,+1-456-105-8826,home
QFR1K,+1-783-928-6238x78387,work
NEI16,001-195-007-0704,mobile
NEI16,001-828-273-9061,home
U4CKQ,+1-638-928-7177,mobile
AWXDQ,001-521-534-4131x49807,mobile
8G032,+1-344-559-1305,work
8G032,842-836-2174,home
BHDQW,+1-787-119-9351x82417,home
BZ8KN,841-695-3130,work
AGIEN,(630)294-3662,home
6VLT3,+1-186-019-6780x06984,mobile
6VLT3,001-039-018-1617,work
Q4PTS,381-253-7997x73751,work
Q4PTS,225.219.5152,home
0WVGB,672-858-5458x865,mobile
0WVGB,124.953.3286x041,home
0WVGB,357.852.7618x8259,work
KM0EY,001-959-214-4978x329,mobile
KM0EY,(245)291-5686x24040,work
GVRV3,2995421634,mobile
GVRV3,001-151-525-1307x812,home
MHIUF,(366)182-1570,work
1SE3V,+1-946-340-3224,work
VDU8D,624-604-8725x5224,home
VDU8D,(826)571-0713x94307,work
DR99N,850.596.4403x55167,work
EMSKC,606.278.3089x1180,home
8NP1J,649.249.1959,work
8NP1J,953-267-5583x657,mobile
WM6TL,148.826.6857,work
DW4SG,(461)516-3250,mobile
X4E1M,(109)076-9424x55730,mobile
X4E1M,+1-439-346-6216x65519,work
X4E1M,(746)946-3503,home
PCL39,495-337-1899,home
9YSA1,(676)548-8736,home
9YSA1,(950)303-1965x732,mobile
2NXQQ,958-034-6658x07013,home
2NXQQ,326-505-7122x9235,mobile
9CX7X,(253)356-3403x385,work
HVYPZ,147-435-5304x28781,home
SNKBL,584-641-3873x476,home
GLVQG,+1-221-837-9933x84892,home
GLVQG,(246)724-8457x825,mobile
GLVQG,(807)945-2993,work
N35CF,+1-420-213-3854,home
N35CF,+1-764-220-8218,mobile
GKKI8,966-761-8872x937,home
GKKI8,670-678-8306x077,mobile
05K3U,(995)127-4553,home
05K3U,001-206-078-4104,mobile
B1JLP,625.665.3723x02482,work
B1JLP,+1-813-313-1440x74876,home
B1JLP,001-352-591-4827x9618,mobile
BBHBZ,(727)681-7774,work
3JKX9,001-024-206-0006x7885,mobile
3JKX9,001-146-788-5856x7291,work
3S3MN,001-308-644-5386x8916,work
YDZC3,+1-719-991-2461x47984,home
UBB1Y,062-402-9643,home
UBB1Y,(899)351-0712x087,mobile
BMK8A,306-523-7576x39337,home
KIIZ7,+1-961-296-7241x8121,mobile
KIIZ7,1760542759,home
GWS4Y,(938)786-1727,home
9R94E,001-593-250-0717x36156,mobile
9R94E,+1-825-930-9270x7271,work
VX9SU,0852215040,home
VX9SU,366.087.8913x6453,mobile
4DMZ0,(732)606-5982x35146,mobile
MYOLC,579-859-4472,home
MYOLC,486.864.4429x10555,mobile
MYOLC,629-481-5971,work
GOW8W,(559)271-2839,home
V00RL,+1-338-438-1061,work
V00RL,+1-334-992-7196,mobile
V00RL,001-974-814-2894x2907,home
N5J6N,(401)128-6823x9435,home
N5J6N,001-944-896-5788,work
SL6IR,479-607-5910x47067,mobile
SL6IR,327-838-1403x337,home
QR19G,001-434-744-9020x7916,work
QR19G,001-090-746-8829,home
VLADK,(589)207-1638x762,home
VLADK,(618)390-0827,work
Q1X68,160-651-5769x151,mobile
Q1X68,942.938.6327x6345,work
9CDZ6,+1-277-274-3791x2360,work
9CDZ6,295-834-8749x458,mobile
7T5MJ,(972)930-7353x64032,work
7T5MJ,048.014.9138,mobile
WHC3M,001-627-696-5324,work
SAZF9,+1-405-832-0229x0485,mobile
G3TDR,001-104-151-2593x6691,mobile
G3TDR,362-065-2607x1135,work
WPI4A,406.876.4132x867,mobile
WPI4A,241-607-6364x8206,home
87CKX,642.492.6535,mobile
87CKX,343-579-5996x04578,home
4N2BL,868-585-9757,mobile
6FWZI,922-160-1596x72932,home
6FWZI,(066)332-3638,mobile
KWXKL,+1-775-128-3755,home
KWXKL,(959)810-2785,work
ATFEH,+1-976-740-5337x54044,home
ATFEH,(983)939-4804x4531,work
YTQBP,457-923-5584x74018,mobile
YTQBP,932-705-6639x1573,work
OZ384,439.895.1541x36093,mobile
ZTLSE,001-714-619-0569x50179,mobile
30COR,001-296-199-2671x929,home
30COR,148-101-0268x787,work
IE3OW,+1-237-638-9108,mobile
IE3OW,355-257-6526x463,work
P7MWI,397-091-6140x80123,work
P7MWI,220.466.6208x8007,mobile
ISPDE,858-045-5082,home
ZMTPP,+1-501-280-2336x5506,home
9R01Y,722-148-3368x99241,home
9R01Y,+1-313-329-0994x1843,mobile
Q6RDS,(556)329-3739x1406,work
ROX80,603.726.5740x52949,mobile
ROX80,+1-604-874-4320x2468,work
8K7Q8,(125)831-8266x475,work
NI81W,001-234-918-7530x3587,mobile
NI81W,947.371.5819,home
4HF2N,(465)722-0252x740,work
4HF2N,(078)921-2804,home
CSADE,+1-460-955-8156x5322,home
CSADE,001-803-980-2661x760,work
T40C2,446.512.3023x203,home
ILUVK,(996)208-1875,home
JT55H,001-280-920-5850x351,mobile
K7BSE,764-205-4566x446,mobile
Y0271,(919)453-5383x36797,home
Y0271,741.248.8189x78353,mobile
89PH1,001-552-859-9449,mobile
89PH1,(506)641-1008x026,work
IJ61L,507.132.3199,home
IJ61L,+1-977-500-9707,mobile
IJ61L,001-819-789-5870x8577,work
HFAMO,(399)922-9424x17346,mobile
519G2,001-555-737-2070x9512,mobile
519G2,858.882.1710,home
K3UHS,955.737.8835x09460,mobile
K3UHS,2802446685,home
TGMGQ,827.170.5213,work
OCYY1,515-250-6770x49603,mobile
OCYY1,(840)623-8827,work
OE791,748.965.9956,work
OE791,(238)913-5196x820,mobile
OYENY,+1-001-043-7226x087,work
FKY4L,664-586-7449x347,home
1XR4F,+1-155-693-3354,home
1XR4F,(617)426-3128x77736,work
19AOW,001-611-988-6969x2216,work
YLVNU,(559)625-1150x477,mobile
YLVNU,(302)053-6756x82732,home
9277X,839-886-1648x1278,mobile
YCOTD,+1-463-655-2571,mobile
YCOTD,079-369-3465x48072,work
TANN4,9714137096,mobile
TANN4,406.844.6566,home
UWS65,(941)642-3728,home
UWS65,922.444.4362x2959,mobile
LAAAV,078.892.9422x7264,mobile
LAAAV,+1-846-755-0733x192,work
G7ZYX,546.549.8358x633,work
G7ZYX,001-085-018-1027x5963,mobile
DDZV9,914-089-6619,work
WQ9SF,001-401-402-3533,home
IYR3G,001-710-962-0293,work
IYR3G,001-323-517-4508x2058,home
IYR3G,560.375.2577,mobile
5OD7M,134-341-5556,home
5OD7M,301-360-9799x1391,work
ZZYOG,531-032-5744x20269,work
4AJIZ,5211903285,mobile
4AJIZ,+1-334-620-4706,work
4AJIZ,001-446-458-5577x55789,home
DS31G,255.666.2602,home
DS31G,(168)156-5418x95948,work
D8QFI,7110306029,work
D8QFI,5755280311,mobile
JCL6X,+1-154-416-0065,mobile
JCL6X,494-706-3371,home
PILG6,(711)013-4149,home
PILG6,(384)896-9277,mobile
FKLYG,4068740604,mobile
FKLYG,530-087-5559x294,work
9RJNO,0323495526,home
NXO0Q,+1-993-302-0444x43002,work
PQEAZ,(045)437-1835x5675,home
BU7CW,509.925.3561x283,home
BU7CW,3682052065,work
66LLP,001-240-970-1348x748,work
66LLP,001-789-877-8078x6455,home
9S4KG,475-344-2164x770,work
9S4KG,160.168.2762,home
4K0LS,936-320-4379x730,mobile
4K0LS,4887616353,home
4OUJ8,+1-274-687-8164x65755,home
4OUJ8,439.975.3332x505,mobile
4OUJ8,+1-398-688-4044,work
FPXIF,(028)153-5779x92804,mobile
NRHQ6,(762)118-7024x328,home
NRHQ6,+1-141-080-2815x42107,work
NRHQ6,001-037-770-2611,mobile
VYCQV,001-455-878-6768x937,home
X7ETH,878.071.3847x312,home
X7ETH,129.481.1621,mobile
L38IC,339-376-5948,home
MQBSG,(603)028-8164x20785,work
KV6EB,063-877-8712,work
KV6EB,001-831-873-3548x1338,home
66PSO,736-483-0696x76205,work
SU2JO,(454)532-6791x5134,mobile
SU2JO,146.380.5378,home
LRD1B,115-331-8094x34016,home
LRD1B,001-743-914-4082x92909,work
MJUC1,0279726667,mobile
IH8AP,(923)841-9350x9605,mobile
IH8AP,(474)596-8403x1304,home
JH82V,(805)609-2669,home
JH82V,617-894-6903x26721,work
JH82V,279-266-1250x987,mobile
LBHMK,(736)353-8769x2807,work
LBHMK,8747399718,home
LBHMK,858.527.9629x105,mobile
EAJK3,749.754.1653,home
LH4PX,(812)022-3842x45219,home
LH4PX,176-713-5877,work
LH4PX,001-354-191-5684x71329,mobile
010JB,297-493-0529x48622,home
010JB,5845315519,work
1A6DQ,(011)657-5258x92808,mobile
7CIPO,2104143899,mobile
7CIPO,256-991-9014x4851,home
PVB4C,434.325.7638,home
J7MFE,+1-149-240-0490x09520,work
XZNIM,001-515-187-5846x82239,mobile
ZTV8E,+1-409-925-5869x778,mobile
ZTV8E,+1-626-615-6019x6537,home
VRNCJ,+1-333-788-4316,home
VRNCJ,206.444.6909x795,mobile
HRDSY,398-283-1677x1294,mobile
HRDSY,712-282-5877x469,home
AMFD2,001-733-460-1502x64273,home
0C7T4,164-017-3578x4196,home
DAWJW,+1-245-837-3249x05084,work
DAWJW,(864)725-9465x54075,home
87HJ9,324.761.2217x9513,work
01BFB,001-859-855-6978x19198,mobile
01BFB,+1-124-163-1937,work
V28W8,009-476-4402x678,work
V28W8,(735)672-8088x53836,home
I4UAO,525-526-8030x98191,work
HYR8F,943.724.7587x350,work
B75QF,+1-226-042-7231x14401,work
B75QF,757-268-0557x34008,mobile
L6WTT,983-518-5811x6703,mobile
L6WTT,555.902.8803x87659,home
9U6E5,395.917.2535x35296,home
9U6E5,223-851-3504x906,work
9U6E5,(816)002-1750,mobile
6SS99,890-981-3539x39818,home
5EO9W,+1-920-069-5221,work
7BLST,(348)904-3588x859,mobile
7BLST,001-663-242-2938x3853,work
OFOQB,0963046893,work
KP67L,357.811.3685x40560,home
IHKYE,643-417-6981,home
IHKYE,(420)281-6732x9994,work
YK2FC,+1-121-079-7625x6017,home
YK2FC,(749)247-8156x22504,mobile
HRLIG,+1-826-178-5820x657,work
G2W79,+1-693-063-1950x5453,home
Q6HUI,+1-606-817-4431x901,work
A83QH,392-088-7358,work
DCPZS,572.349.2503x06553,mobile
DCPZS,146-474-8983x228,work
1KW1Z,(454)327-3222x9534,work
3OZAF,(865)583-4279x79847,mobile
6A1CR,870-227-5307,mobile
6A1CR,+1-475-948-3640,work
97WGH,001-653-436-3067x913,work
CS52N,(256)992-6679,work
CS52N,001-872-089-1989x733,mobile
26AJ1,020-405-6379,home
1N21A,(045)265-6886x007,home
WWWUR,965-199-2726,mobile
WWWUR,156-527-3916,work
712ON,162.155.1017,work
6EL48,447.399.3311,home
6EL48,977-218-6807x37542,work
W8R0N,846-521-3952x949,mobile
VB0HH,164-591-8466,mobile
F30I4,(532)825-2767x5953,work
F30I4,994-739-8206,home
ZIKWD,+1-085-418-0257,home
WXB0W,366.082.7018x5934,home
0BMS5,(206)037-9360x929,work
DYLYY,753-337-3453x002,home
YE9Y0,(458)024-9078x2429,mobile
YE9Y0,2012841143,work
Y8CBI,001-271-023-6534x2581,home
Y8CBI,+1-582-953-8664x428,work
0J28P,(063)659-7919x2787,mobile
0J28P,+1-045-167-6004x368,work
AU687,580-637-3801x04801,work
439OA,331.841.1702,mobile
N492C,4245457828,work
N492C,7942330737,mobile
QHVVP,696.293.1162x5326,mobile
BX2PI,(229)159-3290x02240,mobile
DRS4Z,2400084794,home
DRS4Z,+1-927-471-2707x40081,mobile
HLC2X,605.621.0760x399,mobile
HLC2X,001-910-758-6944x109,home
0PI7Y,(007)982-4479,work
9GVYW,+1-326-883-7170x0433,work
9GVYW,(099)914-3886x380,home
W2TUF,+1-825-758-3291x252,work
W2TUF,263-314-9166x743,mobile
NQ3MK,587.514.4757x73173,work
NQ3MK,+1-829-236-8848x865,home
XEKDS,+1-515-712-5395x09701,home
XEKDS,(770)028-0899x8816,mobile
YU3F1,(635)692-5083x20221,home
P9Q6Y,5113989020,work
ISY5F,357-404-6761x4092,mobile
ISY5F,413.092.7494,home
LZLDV,001-291-797-5911x4025,work
LZLDV,001-959-393-0208x542,home
CXKB1,976.252.1778,mobile
CXKB1,229.311.3488x0471,work
CXKB1,(540)517-9063,home
WTZ2U,1205871346,work
WTZ2U,936-142-5660x61866,mobile
HGY3Q,(396)849-4168x215,home
HGY3Q,+1-842-038-1062x3490,work
HGY3Q,001-684-161-6704x538,mobile
20AR2,1997320079,mobile
KU36K,(652)098-0493x4704,work
KU36K,789.805.4058x736,mobile
7DTDQ,828.507.3646x5352,home
LGLCO,(673)778-2919x83159,mobile
LGLCO,(365)236-1388x8813,home
TYD9O,001-319-771-2376x79456,home
TYD9O,721.626.4765x7827,mobile
TYD9O,(819)627-2073,work
TABM6,9529008555,mobile
TABM6,657.520.7192x897,home
MEID7,380.826.5774,work
03G6E,001-888-142-9023,work
03G6E,516-237-0832x778,mobile
03G6E,559.400.9026,home
RGJQ2,211.512.5418,mobile
EJCF2,335-850-6168x0643,home
NXRXT,549-719-7680x97890,mobile
JUQJW,+1-835-575-9949x29921,mobile
JUQJW,+1-155-653-8819,work
JUQJW,619.898.7693x1447,home
5ON83,(230)284-7436x09121,mobile
9UKNK,8375499964,work
9UKNK,177.421.6039x3184,mobile
9UKNK,(059)606-3033,home
Q0UI3,001-852-095-6652x70196,work
TIQ1A,943.398.0397x139,mobile
ARWEB,+1-861-511-3632x1109,work
ARWEB,923.892.8225x2559,mobile
FDXK3,001-916-728-5952x6009,home
FDXK3,(482)787-7579x958,work
FDXK3,049.323.7715x1219,mobile
4TVZ6,+1-175-324-3312x101,mobile
OZBPO,+1-961-510-3868,work
K9XM5,983.531.0063,work
R5O4G,748.392.9153,mobile
R5O4G,(086)840-3209x13979,work
FKHQP,(064)139-2491,work
FKHQP,(257)888-7334,home
4BHE3,001-151-611-4174x86493,work
V17R3,141-093-7678,work
V17R3,731.232.4981x62126,home
LNBM4,001-812-182-2579x22906,work
ETGJX,+1-107-651-7229x481,work
ETGJX,+1-126-809-3715x116,mobile
O343K,317-993-0358x0060,home
Y7IKP,144-044-5395,mobile
Y7IKP,001-696-199-2315,work
FWB4W,370.630.8402,mobile
FWB4W,(712)309-8486x5347,work
Y1GW1,+1-370-641-0514x514,work
Y1GW1,+1-310-029-8963x6988,home
1WI5Q,963.626.1978,work
1WI5Q,262-249-4986x0630,home
9CK79,760.043.9836,work
9CK79,339-769-2265x0221,home
9CK79,895-144-0163x6255,mobile
UDZHR,316-272-3608x1626,home
AQQLE,742.450.6528,mobile
EFHUG,+1-594-123-7513,work
4PJSD,+1-267-766-3856x274,mobile
PZXJ8,580.485.5222,home
5ZSRB,625.127.1452,home
M9679,001-718-298-4845x7292,work
M9679,997.589.6975,mobile
SW1FA,+1-209-751-4042,home
SW1FA,697-623-6174x5823,work
SW1FA,(543)718-6965x700,mobile
FSRBH,(880)628-7146x7300,work
FSRBH,001-205-727-8463,mobile
1QXIF,730-273-0333x68270,home
W0J0T,001-743-584-6550x19982,home
7VWUB,+1-601-363-7900x69035,mobile
7VWUB,321-129-6271x607,work
6P3VN,546-609-9447,mobile
6P3VN,(847)611-2874x683,home
YNKU0,001-824-441-2382x6844,home
7E9AJ,333.757.7339x810,work
7E9AJ,2339337436,home
XKJGA,210.380.5359x75010,home
H7FKP,239-674-9249x438,work
H7FKP,+1-466-789-3896x657,mobile
ZH6OP,001-937-408-2397x1025,work
ZH6OP,(453)414-3462x587,mobile
AUQ1P,500-433-9712,home
AUQ1P,675.448.5349,work
S6UTS,(333)363-0955,mobile
S6UTS,(917)801-9874,work
CYGAE,+1-847-210-5547x2555,mobile
CYGAE,(834)950-7081x409,work
CYGAE,(732)032-8712,home
KLGLB,499-690-4469x686,work
KLGLB,001-205-037-6007x18884,mobile
ZCAVK,+1-027-522-6478x5374,work
UFNUW,234.852.4342,mobile
34E4O,6680048131,work
UFZAZ,+1-212-140-6055x577,home
3FKG7,+1-006-641-4424x896,home
V9Q2X,483.783.7459x699,mobile
7TOUB,832-900-7449,work
J4F6P,750-000-6478x2184,mobile
J4F6P,001-507-806-7801x845,home
ENONP,(622)057-2750x27482,mobile
CVYN5,(001)632-3843,mobile
T4T3I,(894)865-8878x9454,mobile
ZN52C,+1-858-040-1864x293,mobile
513PH,+1-474-044-7817x744,work
4JF8Z,(791)034-1973,work
GICLW,776.901.8511x1099,work
YCMO9,+1-276-404-6660x5871,mobile
YCMO9,(622)714-3268x57414,work
M9Q0E,125-875-3703x8786,mobile
6VZZH,1073037166,home
JOAQ9,+1-482-602-3505,mobile
3I68A,+1-985-130-0427x6440,work
AYTRE,001-168-898-4751x033,home
SREI0,189.434.0280,mobile
SREI0,+1-196-106-6865x900,work
SREI0,0176207687,home
3Y8CK,+1-283-366-7559x1358,work
QN3Q7,714-986-7812,work
QN3Q7,279.682.6570,home
YTQK8,+1-246-727-5986x4562,work
YTQK8,6878858358,mobile
RP27K,887.155.4694x39022,mobile
RP27K,(951)292-6898,work
RP27K,(421)818-8889,home
K8DRJ,437-328-2736x14802,work
X231H,001-929-247-2266,work
X231H,1504232498,home
24T1N,+1-047-978-6100x8027,home
Q6R3L,001-542-744-2761,home
GPYLB,398.560.2817,work
GPYLB,584.698.6951,mobile
QWNFA,001-813-669-0341x05192,mobile
QWNFA,7819284760,work
S1Z1R,717.470.7893x4530,home
70QQ7,(762)423-2011x3664,mobile
70QQ7,176.703.9368x992,home
70QQ7,+1-544-154-0421x7815,work
E0Y4Q,645.156.9010,work
R8I6L,001-895-334-8965x642,mobile
7Q7LI,001-749-874-2103x06828,mobile
7Q7LI,(394)610-1098x57817,work
QFDCE,+1-341-581-8341x72035,mobile
QFDCE,+1-356-545-5406x7769,home
DQZ31,(814)595-1101,home
DQZ31,001-315-683-4116,mobile
4VDK3,400.272.8037x551,mobile
4VDK3,001-046-852-8055x168,work
VRCWH,402-137-7173,home
VRCWH,(736)777-8215x862,mobile
BWX1O,122.485.6871,work
VM6YE,(515)646-5350,work
VM6YE,724-787-7481,mobile
YMMVN,898.817.2683x8051,home
YMMVN,+1-792-920-9199x6708,mobile
OTAU7,(793)393-5813,mobile
U7XP2,893-312-0967x772,mobile
WCDHZ,(437)251-6596,work
WCDHZ,001-082-948-1237x440,home
0DXF6,(891)717-8362x665,mobile
BU4WM,(827)825-4195x265,home
G9093,(326)035-2036x057,work
G9093,+1-747-761-5737x0252,mobile
Y10ZO,(830)716-3853,mobile
WVWMR,493-957-3793x5413,work
WVWMR,001-192-402-8817x8943,mobile
6UD1H,329.395.5004x97839,mobile
6UD1H,+1-248-916-5401x0825,home
0O0Z9,334-149-7222,mobile
JMBL6,899.769.3958x48212,work
JMBL6,8729393553,home
5E55S,858-378-2318x66540,mobile
5E55S,1985677499,work
EQSI4,855.280.6087,work
EQSI4,001-953-236-9539,home
P35EW,001-757-953-1062x6039,home
P35EW,001-721-556-1410x138,work
5VPLQ,082.528.0929x00389,home
0X8UZ,001-665-031-7489x07528,mobile
0X8UZ,015.582.6364x2378,home
HH5L2,+1-414-185-4689,home
HH5L2,001-171-312-9935x787,mobile
JEEP3,180-273-7415,work
YP6L4,+1-257-004-6788x034,home
FZ6BO,001-772-794-1215x2381,work
TZBKO,(216)724-9546x67881,mobile
WSHUH,001-396-618-0558x817,mobile
WSHUH,710.384.5788x327,home
D263O,(079)013-7635x422,mobile
D263O,001-707-251-3877x1494,work
F22MY,+1-097-431-0490x175,mobile
F22MY,(424)402-1743x00007,home
IDZE3,344-454-4091,mobile
DHOPC,823-025-5084x54926,home
BWIBS,001-665-058-2147x80500,work
7AP3F,1378973532,mobile
7AP3F,001-676-911-6203,work
MMR8C,(915)934-3260,mobile
MMR8C,730.521.7057,home
125DH,1570547763,work
125DH,001-501-057-4551x286,home
1HJME,001-884-632-7194,home
1HJME,(466)004-0832x1163,work
IDNHZ,059-007-7792x33452,home
T4GB1,001-521-868-6480x374,work
078O0,001-811-260-3061x8220,mobile
7ASVV,683.911.5510,mobile
NVGP0,(098)977-9100,work
UAXZ5,319.084.5468x31048,home
UAXZ5,660.149.1202x2695,mobile
4VAZ0,762.705.1596,work
4VAZ0,+1-461-378-2923x82871,home
SBGYO,430.710.1234,home
SBGYO,001-503-269-1959x734,work
CAFPE,(730)166-2362,mobile
DRUJF,+1-343-097-3281x8935,home
J83G9,(845)695-9020,mobile
8RY42,+1-516-260-9390x264,work
8RY42,(120)793-2585x1617,mobile
A84FX,418.598.2115,work
A84FX,+1-824-161-8106,mobile
EYUAB,198.170.3724,mobile
APWNU,+1-078-639-4198x14421,mobile
APWNU,+1-442-649-9557,work
9VJ3R,+1-144-911-5851x59015,home
7FBX2,(098)267-6639x528,mobile
TTWUE,317-616-3583x24536,mobile
TTWUE,962.618.0639x696,home
W3UYZ,001-126-163-0384x7730,mobile
W3UYZ,001-095-489-4267,work
ZVZGY,+1-110-880-4556x8379,mobile
M5IPY,546.415.8110x308,mobile
M5IPY,833-983-3271x94564,work
6ZG2P,765.454.7173,mobile
BEM0O,624-959-9018x2042,work
BEM0O,802-491-4618,mobile
BEM0O,001-978-846-1784,home
SR46Q,+1-087-679-9981x399,home
V773Y,+1-757-287-1498x213,work
JRWX3,599-603-7778x459,home
KZBIP,001-692-475-3581x6021,work
KZBIP,(937)541-2481,home
9F21Y,137.493.2916x7703,home
P3RB8,+1-545-829-8815x13446,mobile
P3RB8,(681)626-9971x838,home
J4KTJ,(862)433-4183x85492,mobile
J4KTJ,798.466.4373x2530,work
WJDVP,001-607-802-6139x8539,work
WJDVP,(146)840-6966,home
P4FIZ,723-470-9986x58284,home
P4FIZ,573-947-1163x1623,mobile
C52MZ,611.230.6107x98920,mobile
80VSH,453-878-5308x8918,work
80VSH,+1-081-030-7430x268,mobile
XVPN2,001-931-254-5098x19651,home
1OMEL,001-615-894-7294x474,mobile
1OMEL,7958799712,home
MI92E,8224275619,mobile
ERS0B,001-093-261-1619x0633,work
IBM5M,713.145.5496,home
L3VKI,+1-145-809-6969,home
L3VKI,001-985-411-1479x64806,work
8WCLV,902.234.4423,mobile
8WCLV,001-723-950-1532x8602,home
D7CK2,001-743-591-7057x0695,home
LVMLU,(447)375-1572x7354,work
LVMLU,775.094.7146,mobile
LVMLU,+1-216-745-9060x163,home
FQUO1,(074)887-6242x287,work
FQUO1,+1-717-105-8263x56929,home
FQUO1,613-599-8539x0216,mobile
VWQZC,(314)917-1299,work
VWQZC,498-452-1624x160,home
ME7DC,6454705217,mobile
7QGSO,(360)615-1863x4476,mobile
7QGSO,997.119.6824,work
7QGSO,+1-632-355-6474,home
QYX12,793.192.9873,mobile
QYX12,6878033659,home
LV4UC,783.936.0985x182,mobile
LV4UC,(429)367-1170,home
4WDAD,397.996.9055x496,home
4WDAD,948-428-1413x259,mobile
Y4JZI,(824)211-3474x75514,home
Y4JZI,0767872994,work
2J3VC,(724)550-3670x214,work
2J3VC,(540)115-4709x586,home
EGA3T,+1-802-357-8465x595,work
EGA3T,001-104-206-4415x185,mobile
6O7XW,(274)346-3375x59612,work
4UMXE,(323)090-1026x3572,home
2917B,+1-080-536-8425,mobile
SZXQH,012-881-5600,mobile
62FFP,733.082.7003,work
L7TSR,235.233.0641,home
L7TSR,(782)554-3425,work
P2JJF,889-291-0834x84465,home
L9Y33,970-406-4772,mobile
Y33R6,386-030-9854x161,home
04412,874-002-8908x255,mobile
05M7F,+1-312-884-4749x36832,home
PGLZL,449.153.0243x8283,work
PGLZL,668-177-2112,mobile
91697,+1-799-558-8603x963,home
91697,238-084-2084x079,work
91697,768-263-6285x5631,mobile
C99EN,001-820-270-7558,mobile
C99EN,001-873-401-1180x2453,home
0V5C9,(907)781-1954x876,mobile
0V5C9,001-388-928-0052x0827,work
6MX7E,+1-711-269-2985,home
6MX7E,708-459-5056x606,mobile
N8P04,726-838-6361,home
4VU99,+1-326-633-1437x13693,mobile
4VU99,3998126189,home
RM38H,+1-264-919-9389x07040,work
RM38H,001-091-741-7209x12145,mobile
RM38H,298.409.4653x1755,home
7T5UJ,(599)683-5710x77471,home
4I4WY,748-898-6650x251,home
4I4WY,+1-002-623-1873,mobile
T5EH5,390-604-3397x297,mobile
T5EH5,072.223.3035,work
687EJ,212-495-8545,work
687EJ,254-523-3517x50486,mobile
BSJMW,884-625-6279x05049,mobile
BSJMW,364-787-3784,home
9WYAI,(116)957-3654x416,mobile
SEOMV,8788626611,work
SEOMV,7743904794,home
F4Q4C,(410)762-2717,mobile
ZJQJP,289-654-4717x357,work
IZ1CH,3048485639,home
6WQ8P,378.742.2417x671,work
JZ1WL,(576)388-9443x844,mobile
0HCHB,001-129-516-2708,home
0HCHB,4957670773,mobile
ZFEZB,001-695-895-2396x54592,mobile
ZFEZB,717-457-9043x87903,work
ZFEZB,(434)252-0075x80215,home
78V1D,2471399258,home
78V1D,+1-460-356-9678,mobile
7CV6O,+1-790-053-9232x7355,mobile
7CV6O,757.155.0816,home
JI8HS,(227)436-3034,work
JI8HS,(817)026-9772x427,home
JCA8Q,001-727-821-3360x46829,home
G3Z26,582-620-6845x38309,work
HTAXD,300-926-5431,mobile
4B7RT,184.262.1738x082,home
Y4LRQ,+1-023-869-9526x901,home
F7QHM,2410296324,home
0Y8UX,(130)173-1685x75099,work
0Y8UX,001-641-490-7354x03852,home
UEVYS,844-950-1037,home
Y7O7D,001-913-780-6846,mobile
Y7O7D,001-447-483-6828,work
8WQ8N,689-965-7775x303,home
8WQ8N,001-418-010-4088x052,work
5LT2X,931.615.6472x39376,home
5LT2X,933-525-4325x915,mobile
5WONO,931.398.9648,mobile
DAN4S,014.682.4463x10463,work
5CMBO,(486)617-5096,work
P8OWW,(649)001-5734x143,work
P8OWW,001-875-916-9104,home
H2F1B,474-470-7511,mobile
0U86S,(911)484-3473x4927,work
2YLB9,570.859.3417,work
VSVVE,+1-503-410-7829x9689,mobile
VSVVE,644.192.5947x389,home
F1N7U,+1-793-327-7390x75529,home
3N5PV,375-467-3637x57586,mobile
77E29,+1-302-077-0594,mobile
77E29,324-036-2023,work
D9KVB,(400)930-6716,mobile
VZKCW,9390400677,work
VZKCW,(350)321-3845,mobile
WBPXF,+1-204-133-7947x704,work
WBPXF,203.865.0382,mobile
P5T5M,001-059-954-8195x515,mobile
VQA91,494.417.8054,work
VQA91,(514)165-1365x29111,home
MW6T3,864.070.8527,mobile
SSLG9,+1-362-761-3541x1548,work
SSLG9,898-753-0437x89853,home
XSSIS,+1-055-194-4629x461,work
XSSIS,144-963-0604x009,home
32TH1,+1-150-776-9308x1684,work
32TH1,+1-311-474-7468x16682,home
36ZFN,001-329-159-4898x635,home
36ZFN,736.013.4335x104,mobile
S0XZX,+1-309-049-8500x78337,work
S0XZX,833.432.5175,mobile
C9PS9,+1-251-713-2842x02407,home
C9PS9,(304)075-6486x32751,mobile
C9PS9,+1-024-643-7782x761,work
FVB4W,916.636.5589,home
FVB4W,766.575.1479x2250,mobile
7IVK8,001-678-211-8697x553,work
7IVK8,001-388-864-8664,mobile
6J1NZ,001-435-953-0965,home
1VT3O,(807)295-5026x17387,home
1VT3O,001-956-341-4407x532,mobile
6QJGV,2961400402,mobile
78CNR,696-664-4879x02416,work
Y1C7D,(764)156-6505,home
Y1C7D,(405)245-0972,mobile
Y1C7D,300-010-4174x038,work
3KLP3,418-123-8888x306,home
DGX8H,(875)277-3494x5495,mobile
ZT599,+1-766-125-2577x09437,work
ZT599,774.569.9974,home
TIQQA,7611529600,mobile
TIQQA,+1-636-972-5527,work
L75MX,(835)585-0121x43787,mobile
L75MX,0340647370,work
WSKYW,001-473-215-7427x9642,home
WSKYW,875.860.7740x26164,work
4P2MC,+1-554-477-4556x175,work
YRNCX,366.249.0867x3646,home
YRNCX,001-770-130-7468x05087,work
R6Q39,(162)876-6817x42323,mobile
R6Q39,(089)654-5357x468,home
ESBJV,229-352-8791x45680,home
ESBJV,678.284.5988x3992,work
SVVFK,(653)296-7448,work
SVVFK,924-935-5144,mobile
ETIFQ,507-412-3720,home
TI3XK,785-093-4641x8395,mobile
MVAXB,9354397144,home
MVAXB,691-540-1707,mobile
T7DN2,0128860142,work
KG3QU,538-155-0057x68940,mobile
KG3QU,001-103-356-1309x24642,home
T7C4Q,661-735-0563x649,work
K1NG4,408.399.3400,mobile
MHAP9,6417859211,home
MHAP9,001-257-498-8420,work
SB3L6,+1-721-038-5677x076,home
SB3L6,+1-387-168-0161x31467,work
DKV6T,(522)371-0360,work
DKV6T,209-705-3201x67156,home
YJLRR,(107)046-6186x6136,mobile
YJLRR,555.775.5868x565,work
ECMC0,976.714.9554,work
ECMC0,(806)478-8314x2497,mobile
BIVH0,+1-170-343-3107x7659,home
BIVH0,001-257-445-0937x633,work
BIVH0,801.011.0193,mobile
L8TQI,523.287.4945x51892,work
L8TQI,211-096-0742x5049,home
L8TQI,(062)140-7962x260,mobile
BOBMM,(659)144-2327x89206,mobile
BOBMM,081-205-4006x49076,work
X6XFU,082.356.9043,mobile
X6XFU,336.666.2062x061,work
62ELS,(072)592-3957x174,work
R8SK1,301-491-7975,mobile
5H4D3,093-930-3747x02147,work
0QZU3,+1-316-973-2647x8590,mobile
I5N3V,014-173-3585x4799,home
I5N3V,001-392-944-4334x45328,mobile
AVAG4,+1-517-546-0105x14818,mobile
AVAG4,+1-075-685-4411x145,work
6GV6U,8764329386,mobile
785CE,(898)794-1347,home
785CE,(113)520-8328x4464,mobile
L2V08,269-994-3271x8109,home
L2V08,964.139.3422,work
F98VS,+1-064-660-6929x535,mobile
H40RU,536.213.3689,work
ZLOD8,001-177-902-1322x67615,work
OKPC2,622.248.9592x9668,work
57F8O,269-935-4647,mobile
57F8O,001-576-233-2580x26475,home
57F8O,+1-339-293-0414x784,work
JQY1C,001-943-008-3823x96033,mobile
JQY1C,(720)124-5660x1513,work
549RZ,(590)889-6019,home
549RZ,2588081931,work
P8UM4,212.383.2744x04576,work
JPPSA,529-455-6570x25876,work
DUON5,168.337.1966x001,work
7S3SE,146-408-7938x19583,home
7S3SE,746-064-3938,work
ABMLY,001-769-209-6244x1234,mobile
ABMLY,(412)361-2989x357,work
1IV1D,001-581-016-3889,work
UWWTS,303-717-7066,work
R7K4O,001-058-448-5191x727,work
R7K4O,780.179.4801x52303,home
O8S8R,497-304-4023x9852,mobile
O8S8R,(191)622-3521x464,work
OPEU9,062-883-6278x439,home
OPEU9,(969)880-3665,mobile
F5HG5,001-719-784-8990x3721,mobile
F5HG5,(729)247-5371x8519,home
YVFEL,(756)760-3825x231,mobile
YVFEL,242.352.9571x56002,work
QX1AY,4913136646,home
6Y7OF,278-645-1248,home
G6G4D,+1-245-109-1987,mobile
DRBJ8,001-074-170-1780x640,mobile
Y4HF3,(404)947-1536x303,work
6GSGP,+1-086-642-6545x303,mobile
6R1B0,514.653.5677x3354,mobile
OPCE8,(064)639-5979x3506,work
10SW3,234.002.4667x59463,mobile
10SW3,001-813-046-0370,work
V9VXZ,001-989-405-1645x34566,home
V9VXZ,000-275-7800x35959,mobile
6RCV4,(051)047-0353,work
6RCV4,(197)016-5121x40335,mobile
231ZN,(143)231-2530,mobile
231ZN,001-648-025-3999x1028,work
231ZN,001-345-004-1587,home
0R2KU,749-833-9616,work
0R2KU,+1-352-957-7575x201,home
R8LB9,(693)943-2916x0470,work
IR55S,569.699.6194x7937,work
IR55S,336-994-1895x85033,home
LYNAY,+1-439-948-6239x359,mobile
LYNAY,(791)535-6133x8153,home
UBVEC,740.661.2891,home
UBVEC,001-682-307-3607,mobile
KH2MK,698-548-4777x571,work
KH2MK,651-667-8373x3721,home
TKVLF,001-057-501-7801x27312,mobile
D0S52,686.616.1334,work
D0S52,930.018.7713,home
1DDCA,078.443.9554x10429,mobile
AXYFV,2318569617,mobile
Z25FV,295.154.1424x85447,home
SWZET,001-215-778-0510x48414,home
SWZET,+1-095-191-8900x61061,work
UZPFY,403-311-4021x78062,work
Z161B,(569)886-7530x8174,mobile
U683A,001-947-540-8410,home
FUXGY,0954613506,home
V25AJ,(294)018-2182,mobile
V25AJ,001-996-603-8171x30341,work
NT34M,(637)306-0377,mobile
NT34M,144.310.2651x69307,home
V2DG5,+1-679-299-8023x565,home
V2DG5,0785703497,mobile
W6LVE,786.566.5398,mobile
W6LVE,001-592-307-5383x428,work
8K3RE,357-977-0858,work
8K3RE,7118663759,mobile
3XP84,+1-199-005-4229x8273,home
3XP84,(928)861-1840x95988,mobile
4NAL1,(105)167-7829x669,mobile
4NAL1,(974)275-8335,home
UG30S,788.014.5343,work
3KCY4,447-450-7253,mobile
3LLAJ,(939)301-3269x57014,work
3LLAJ,+1-259-130-4428,home
G909G,+1-725-511-4776x420,work
G909G,+1-488-652-1296x356,mobile
2TNDQ,058-621-6362x7456,home
2TNDQ,300.186.4321,mobile
EE1TK,(404)377-4239,work
EE1TK,804.887.9832x2366,home
EE1TK,223-743-8686,mobile
9ACJU,(223)381-2252,work
WKUSR,568.260.5075x74047,work
8WZ67,(074)493-7066x57899,home
U40M9,001-228-716-3753x7622,work
U40M9,+1-798-991-4364x7694,home
6M648,001-205-240-6297x33878,mobile
2C9MR,8774395447,work
2C9MR,(555)347-6497,home
X7ALH,223-420-7663x9351,home
MCPAM,806-696-6552x10038,home
IBCNI,826-852-6471x5415,mobile
IBCNI,(864)175-2445x81379,home
IBCNI,+1-129-536-8838,work
152MD,(894)091-4456x0692,work
PZZ4T,001-764-008-6366,home
PZZ4T,129.963.6146,work
LOX45,100-441-2458x52027,home
AN1KX,(594)626-5521,work
LF6XC,(301)021-1436x911,home
ZMEIK,+1-879-391-1667x5384,home
ZMEIK,+1-148-341-5401x40616,work
U6NSE,602-146-4482x460,work
U6NSE,+1-529-488-0949x93223,home
U6NSE,142.115.3093x05674,mobile
51WHM,488.013.3268,home
51WHM,(164)695-3351,mobile
KEHC2,001-649-604-0571x04724,work
KEHC2,+1-409-971-1074x8963,mobile
RVZRR,721.162.7505,mobile
RVZRR,+1-936-653-2245x16143,home
IEHMO,(843)716-6112,work
FUS1Y,(826)252-1066x432,mobile
W1TCB,(892)453-4693x5848,home
W1TCB,931.881.5296x21622,work
W1TCB,001-248-597-5016,mobile
KGX1G,(296)719-5714,mobile
KGX1G,(190)661-1773x4111,work
SJ5HD,708-857-2897,work
O83AN,001-911-182-3216,home
G4BAF,5444118018,home
G4BAF,092-420-9612,work
1LDDF,001-588-841-7190,work
1LDDF,001-028-923-2763x6091,home
WW2NM,064.522.2938x5259,home
WW2NM,+1-041-861-6176,work
PB6Z6,+1-380-228-4754x397,mobile
5PQAC,772-427-5342,home
142WW,925-645-3455,mobile
LTYJ8,866.455.5476x6725,work
IBSLU,+1-183-782-2510x43351,work
5P7C4,470.491.7340x84948,mobile
5P7C4,785-341-5403x583,work
GP1WL,031.391.7492x67124,mobile
3Q25L,(656)441-2556x63051,home
3Q25L,001-321-485-5691x40168,work
J6CXI,320.105.2637x7552,home
Z0LJU,+1-935-440-0677x913,work
Z0LJU,001-872-221-2232x195,home
7QYG6,755.487.0983,home
7QYG6,671-502-2375x06959,mobile
WH1ZH,(976)607-1259,work
WH1ZH,402-568-2232,mobile
WH1ZH,428.944.6468,home
T0LJV,9299845453,mobile
7E5GA,(467)275-7693,work
5GPI8,453.089.0394x26891,work
S711S,(209)121-9966,mobile
1M3VQ,190.882.0028,home
1M3VQ,191.741.4032x56957,mobile
GW2HV,801-190-3649,home
ABX8N,(332)426-8393x79126,mobile
FGGVY,843-240-0908,work
FGGVY,001-766-832-4780x931,home
FGGVY,001-943-806-5882,mobile
ZXBS8,(712)861-8935x6150,home
ZXBS8,216.936.3740,work
S3AB0,001-820-836-8941x197,home
EBQH2,107.681.3018,work
EBQH2,(926)099-5506x4883,home
WX9FX,+1-847-167-7471,work
WX9FX,6095479019,home
5MYGN,9545718472,home
6LV2R,(218)859-1947,home
264VP,001-011-102-0539,home
264VP,118-898-9318x02053,mobile
CUVCD,3508260263,work
5UFE8,556-642-8797,home
U3D5E,889-591-5940,work
U3D5E,+1-779-044-1374x2776,mobile
U3D5E,772.864.8026,home
UJG56,(949)994-8518x404,home
UJG56,(128)999-9036x4983,mobile
Z5DB2,+1-013-114-4869,mobile
S0O92,(507)471-8795x30190,mobile
S0O92,6618790693,work
Q24R1,001-279-573-6027x2693,mobile
P5KQ6,240-590-2909x501,work
P5KQ6,001-722-973-0387x11435,mobile
XYJGV,+1-875-897-4426x827,home
J5PAC,+1-546-541-1963x59499,home
7H518,+1-725-140-6712,mobile
EDOMX,+1-342-331-6810x51882,mobile
EDOMX,9437297709,work
0Z2LJ,513-552-4461,work
0Z2LJ,+1-977-604-0156x5115,home
04SI0,+1-875-014-9590x060,mobile
SADYP,001-999-744-8427,mobile
SADYP,308.094.2897x5361,home
2SZAM,107-599-6747x104,work
2SZAM,(487)916-3408x24600,home
6PA36,279-564-4194,home
XFAW3,001-567-774-2222,mobile
XFAW3,(369)419-1422x5948,work
DOC7B,+1-257-107-9546x6177,mobile
DOC7B,(887)693-5314x3526,home
GTZX8,001-744-095-6024,mobile
GTZX8,(017)503-1742,home
4GR4S,+1-944-314-2361x3593,mobile
4GR4S,687.016.6035x09719,work
8UVM6,387.564.0477x7079,home
8UVM6,384-150-9700,mobile
8UVM6,0830445924,work
QMNGC,545.946.7829,mobile
QMNGC,001-421-052-4332x5095,work
RNYTZ,001-327-171-8005,work
RNYTZ,(632)097-0197x743,mobile
32FQ6,001-683-204-9343x9577,home
32FQ6,844.805.7648,work
SIX5R,092-516-0127,home
HGKSA,640.895.6632,home
HGKSA,158-973-8058,work
0IJYB,157.923.1818x551,work
AZQD3,7396965966,work
AZQD3,980.906.8174,mobile
CKCU9,288-584-3087,work
CKCU9,001-418-024-4430x100,home
8094C,(852)229-0158,work
1N0VL,(074)269-0864x3724,home
9EN65,+1-485-263-7472x24237,work
9EN65,001-603-565-9528,mobile
9EN65,+1-514-501-7987x55560,home
WB4UW,001-467-369-9138x51335,home
QFIEG,054.422.7845,work
6H7N0,(845)417-9777,mobile
FDHHQ,+1-889-869-6638,home
FDHHQ,(797)276-9270x859,mobile
18ATI,(596)908-5126x2659,home
JKEC1,(980)954-3634x25756,mobile
PM19X,001-633-036-3309,mobile
PM19X,034-320-6170x217,home
96CTH,251.895.4017x458,work
96CTH,458-731-1646x23085,home
U1MXM,+1-518-665-6856x243,home
U1MXM,516.051.0306,work
27AN1,(131)309-2223,work
27AN1,001-307-612-1080,mobile
GYDH2,188-545-8149,home
IS8XJ,717-413-5211,home
IS8XJ,938.128.6823x1044,mobile
IS8XJ,014.379.7754,work
P4THB,+1-042-341-1611x335,mobile
LO562,093-855-3382x0010,mobile
KSZOZ,492-507-2971x0231,home
KSZOZ,+1-815-372-4675x4918,mobile
5YN0B,001-213-859-0556,home
9QUHS,001-314-991-4379,home
FFZPQ,+1-293-578-6560x9595,work
FFZPQ,(774)877-8012,mobile
IY59U,(448)775-6452x34637,home
IY59U,(329)040-8341x38338,work
QGZP1,(444)012-2064,work
DV5YK,049-594-6467,home
0WQRI,1787644357,work
BLVD4,001-777-276-6086x826,mobile
IZBUW,(581)297-3415x70245,work
42CYZ,001-175-336-4789x8499,home
UV6I1,739-198-8160x2237,work
UV6I1,4175441428,home
NGCVS,246-152-2229,mobile
NGCVS,127.551.1502,work
DIW92,(723)168-9231x409,home
DIW92,(250)911-3399x2499,mobile
4UQN9,001-248-124-6229x01905,mobile
01VBF,+1-247-101-6735x4522,mobile
01VBF,204.967.1972x6069,work
7MV8H,009.085.5569,work
7MV8H,322.276.4984x124,mobile
XXDSH,973-015-1755x24330,work
3DEPB,027-707-7499x84411,home
3DEPB,+1-519-997-1497x532,mobile
KWOAA,+1-598-960-3027x8820,work
KWOAA,082.878.8732,home
LB9D2,271.402.5335x1022,home
LB9D2,598-194-4724x8242,mobile
LB9D2,529-049-9043x02944,work
HLQ7U,436-879-7544,mobile
HLQ7U,668-904-0361,home
Y26NY,066.825.4436x0474,work
Y26NY,(368)921-4500x933,mobile
WHOFL,800-394-7185,work
WHOFL,001-481-186-0585,home
8O45Z,137-783-0910,home
U1JZF,4787848165,mobile
U1JZF,0094258770,work
AKLNZ,+1-666-364-6491x34098,home
AKLNZ,(012)965-5267x3232,mobile
MZHDW,001-644-492-1852x50024,mobile
UAT7U,664.578.6441x7940,mobile
UAT7U,(480)795-6049x3827,home
GSCMO,(265)821-7059,home
2D3BP,+1-853-957-6095,home
2D3BP,948.564.1579x13481,mobile
93C9Y,(135)581-9214x180,work
93C9Y,001-952-733-2627x37979,mobile
511Y0,(696)522-4904x478,work
511Y0,348.915.5445x1328,home
JPACE,711-785-6137,mobile
68QVY,+1-102-278-0376x21210,home
68QVY,(155)690-2314,mobile
BPNKV,456-160-7390x484,work
BPNKV,2506549592,mobile
L6USX,750.346.2270x6079,home
OW0EP,(083)381-6165,mobile
N7L8C,484.849.5668x0271,work
0HC1E,164.728.7186x34152,work
SQ6FI,340.099.8428x41380,mobile
AD6O9,156.924.6270x14589,home
AD6O9,+1-813-001-9474x600,mobile
V99OK,725.817.4611x1048,home
V99OK,+1-938-881-8501x7604,work
61YGY,001-397-188-3528,work
05I3A,+1-394-200-3731,home
05I3A,001-215-547-9018x46128,mobile
EXIFE,+1-787-423-4767x87061,mobile
5NRYI,016.314.4689x48703,home
5NRYI,001-512-860-1438x2632,mobile
Z1H57,(211)629-5484x43302,home
Z1H57,828.929.1494,work
QGRLQ,+1-089-080-6205x00122,work
JCCF8,001-383-482-2370,mobile
JCCF8,+1-821-370-6325x67896,home
C6WW3,+1-094-095-6235x99376,mobile
GCVCB,711.542.5674,mobile
GCVCB,525.821.2628x437,home
8OHXT,(030)347-9219x9026,mobile
8OHXT,+1-321-827-9928x36915,home
8OHXT,501-684-6048x6756,work
6OUEY,483-342-2178,work
6OUEY,340.009.1895x5223,mobile
ZZFL3,001-169-684-8148x7415,work
ZZFL3,001-112-359-0888x0706,mobile
1E0GR,(542)313-8256x5962,work
1E0GR,766.341.2680x46575,mobile
80NAD,376-413-8176x781,mobile
80NAD,148.382.6415x971,work
QANSK,060-889-6868,work
NKKLD,+1-532-507-7223x51178,work
NKKLD,(415)125-8317,mobile
NKKLD,9619858934,home
C4HH8,001-326-875-9271x648,work
WVX20,(990)040-7497,home
WVX20,001-296-955-5905,mobile
VRLJ9,138.666.3827x488,home
JOIWH,(015)000-3465x03221,home
VCKSA,+1-201-818-5958x0150,mobile
VCKSA,+1-531-128-7039x6634,home
VCKSA,418-111-6027x10733,work
AE324,001-813-825-4513x4513,work
AE324,0813025311,mobile
W2FN3,502-884-6582,work
W2FN3,(156)379-0546x96029,home
PPAEN,494.934.1942,home
PPAEN,+1-954-095-6325x44107,mobile
PPAEN,+1-500-036-7730x54753,work
A7G08,+1-063-620-6489,work
1HXJN,786-450-0891,mobile
1HXJN,566.102.4410,home
8BS67,+1-565-642-0521x606,home
8BS67,903-170-8060x61629,mobile
DUEVE,+1-760-642-2635x8788,home
DUEVE,001-087-296-4944x88304,work
W343L,(076)508-5081x85837,work
AUA3U,187.432.5677,home
VHELP,915-055-4361x6330,home
VHELP,901.841.4267,work
VHELP,(090)631-0716,mobile
I1H4U,388-262-0447x3597,work
J85EZ,(141)502-8642,work
8LJTP,+1-025-744-6255x77145,work
8LJTP,(712)491-2540,home
YRQKP,(448)943-6269,work
693CV,9288127490,mobile
693CV,265.397.4126x7800,home
2WKJ6,+1-683-938-1277x67312,home
N7TIV,461-264-9214,work
N7TIV,548.955.8480x05884,home
N7TIV,+1-608-116-8620x0544,mobile
S4GKE,(460)590-4782,home
A330H,001-060-118-1015,work
A330H,+1-883-876-8297x26446,mobile
RSY9T,(814)254-8984x7796,home
RSY9T,001-961-799-6003x55620,work
RSY9T,888-266-0178x62842,mobile
YAK94,4777147043,mobile
C8HL5,883.637.2470x61542,home
C8HL5,748.222.4475x64668,mobile
K9O3V,001-243-366-8653x927,mobile
CSYDK,(026)656-2781x6495,mobile
CSYDK,4131790801,home
CSYDK,8472481993,work
7QINW,(202)001-2864,home
K0WMW,5023521009,home
K0WMW,(005)440-2185x919,work
0XP3P,(678)635-9179x767,home
UWI6R,094.912.0975,work
UWI6R,(090)321-6923,mobile
UWI6R,001-697-961-4590,home
OKUGQ,+1-738-258-1406,mobile
FFBXJ,452.178.2100,mobile
FEW4E,116.518.3952x251,home
FEW4E,+1-428-077-7506x51895,work
6IPKS,+1-941-974-5480x98286,home
VD6SK,186.363.9601x65028,work
5VK6S,481.842.2345x383,work
5VK6S,(257)588-7336x4059,home
5VK6S,001-241-912-1507x71695,mobile
GVAJV,077.902.2385,work
MI9PQ,001-257-610-3280x97012,home
ZKOH6,848.175.5135,mobile
QLIY5,001-198-912-4625x3067,work
HIKUW,001-320-072-2957x38082,work
FPYNW,(366)293-0323x232,work
0ZK3C,639-219-5054,home
0ZK3C,(470)745-5975,mobile
N8WG4,(307)787-0096x51416,home
N8WG4,+1-387-520-7645x741,mobile
N8WG4,(883)138-5351,work
E9K7C,318-810-0295x8091,home
6KVU0,(607)015-5979,work
6KVU0,+1-469-232-4358,mobile
WUS7Y,3455318537,home
IM7DN,(037)245-5117x4203,work
IM7DN,+1-691-605-9888,home
209SC,472.644.4852x999,mobile
209SC,497-279-0013x1073,home
DBPO3,(456)323-8048x6201,home
DBPO3,2799342131,work
OSPAZ,434-526-4975x224,mobile
UHYY9,(859)871-3647x726,work
LQDA2,001-094-232-4430x9889,home
ZDG31,(418)619-2959,work
ZDG31,(201)011-3927,home
ULVGM,(002)372-2220x27840,mobile
ULVGM,001-731-669-8690x774,work
2F0J7,(106)908-5490x27222,home
2F0J7,001-764-206-0003x24204,work
2F0J7,001-696-888-1068x2565,mobile
17FO7,+1-248-823-9243x42299,home
17FO7,446-911-9629x573,work
17FO7,609.601.7215,mobile
7WVZG,+1-109-034-3088x43329,work
XKH7V,465.264.7606x764,work
XKH7V,001-561-963-6507,mobile
GOZG4,4631365783,work
ZRPSM,782-749-6203x83736,home
ZRPSM,001-617-085-9267,mobile
ZLIUE,(854)811-7205x5919,home
ZLIUE,+1-915-766-8905x484,work
CKEYL,106-327-7177x1052,work
CKEYL,1657566197,mobile
Z9LJN,450-924-9054x11127,work
Z9LJN,+1-658-484-3818x74956,mobile
23CAD,7295517042,work
OKJP0,930.921.5375,home
4VNRV,900-018-0052x756,home
RSZ8L,441-714-4669x651,home
3JK3B,4128419448,mobile
9TAE6,127-959-3378,mobile
9TAE6,+1-682-245-8330x102,work
6EBA2,+1-219-834-6033x6068,work
GCX9Q,713.515.0355,home
NEI52,790.899.7289x69975,work
L8LC6,001-537-696-1582,home
XAY57,(048)121-4588x10935,work
XAY57,(351)826-8868x69372,mobile
NQP88,596.590.7455x30779,work
NQP88,239.627.6669x720,mobile
E5TBY,362-120-2750x4338,work
E5TBY,404-681-7655,mobile
CVFG8,198-381-2119x1615,mobile
1MXH9,(867)022-9376x5401,home
9B61G,477.792.2735x314,work
9B61G,001-427-997-4935,mobile
9B61G,707-794-5728x250,home
SRRB7,(317)935-0203x047,mobile
MKK85,(251)328-9154x554,work
MKK85,001-120-372-8723,home
RYVDX,001-183-810-0261,home
RYVDX,1920864195,work
HVJUT,485-180-1079,work
HVJUT,(292)553-3174,home
HVJUT,799-372-6790x0747,mobile
SBE14,529-398-7000x86321,work
1VPD1,(384)966-7406x008,home
XWXLZ,638-565-4471,work
HQSNA,001-219-656-4140x069,mobile
3K1ND,491-197-2309x42380,mobile
3K1ND,093.845.4863,work
W06JI,+1-876-028-7592x948,home
W06JI,(864)584-2097,work
RA72I,(908)453-9982x184,home
28KWN,793-000-3279x75212,work
28KWN,762-384-0999x975,home
QDZA0,004.532.3045,mobile
QDZA0,163.066.2693x89015,work
UQF7I,082-630-2488,work
UQF7I,(050)905-3683x996,home
NVJNV,(604)335-2517x91312,mobile
NVJNV,438-851-4700x1892,home
FVYUF,+1-034-532-3929x138,home
FVYUF,+1-997-171-7025x9999,work
WDERW,5918097029,mobile
ET59G,708.412.4442,mobile
AL0KT,001-335-998-5329x2811,mobile
AL0KT,001-339-226-3258x4118,home
GIBAA,(668)562-5909,home
GIBAA,524-761-9681x2518,work
KA6E4,(625)152-3641,home
KA6E4,040-161-4735x0077,mobile
A5WQ0,(369)387-2827x1427,home
A5WQ0,829.711.3579,work
VLEDI,(681)678-5927x83565,home
P0JA5,+1-687-730-1316x739,home
P0JA5,906-425-1747x706,mobile
GNBDQ,+1-172-223-5202,home
KGD5Z,751.075.3589x737,work
TXIQ3,238.508.3635x528,home
9LVEL,552-876-7146,mobile
9LVEL,715.457.2996,work
N0DAI,+1-046-334-5446x3721,home
NBQ0E,(745)428-2752x163,work
NBQ0E,713.713.9382,home
9XPY5,(855)834-9230x94184,work
9XPY5,(213)204-3007x5728,home
23NVZ,159.997.2211,home
23NVZ,8203569754,work
OJYFE,+1-900-345-5756x163,mobile
L4VJ1,265.952.3289x70155,home
0Q0TF,(441)635-6025x105,home
M0C7B,425.563.6942x2146,home
UFPZ0,001-057-362-5070x546,home
2OOR4,563-995-8543,home
2OOR4,(552)296-7389,work
JLCGV,001-675-446-2895x78104,work
8MZDC,6175201435,mobile
8MZDC,+1-329-235-0232x8161,work
LJNGC,001-723-778-2732x67684,home
DG564,001-845-188-8684,work
4V1BK,075.757.0071x2808,work
4V1BK,883-523-3412,home
CHEEQ,717.857.8291x38905,work
8Q3XK,023.130.5825,mobile
EI2V3,(973)906-4934,home
EI2V3,001-836-238-2967x73010,work
K41L2,484-704-5249,home
0VI2U,(347)100-1326x255,home
0VI2U,+1-286-347-6303,mobile
MABWW,155-209-1656,work
V1SSI,710-801-3470x900,work
MFFZT,+1-163-519-1729x6778,home
MFFZT,(432)941-2052x3062,mobile
IUWG8,941.226.0999x6974,home
IUWG8,760.249.0608,work
NJN0G,1915269092,work
NJN0G,+1-877-785-1188x4401,home
OREG1,483-683-1065,home
OREG1,(152)082-3215x1354,mobile
OREG1,(326)276-0738,work
C6XFV,(587)041-5056x137,work
N7SEQ,076-495-7091x62894,work
04AN7,+1-307-873-1007,home
04AN7,001-933-243-2830x8417,mobile
K7PBP,001-834-508-5596,mobile
K7PBP,(609)260-0589x09397,work
MJL8T,8992562373,mobile
5161D,708-221-1892x47424,work
5161D,+1-485-367-1357x870,mobile
GGDV6,001-480-263-8587x75991,work
GGDV6,524.878.6249x308,mobile
JWQKL,+1-062-397-7743x01899,mobile
JWQKL,001-519-979-0853x97528,home
JPAQK,+1-948-336-6302x077,mobile
PO4Q4,664-383-9969,home
PO4Q4,717.191.5403x93684,work
IAYRF,6251370074,work
IAYRF,+1-471-442-8894x36080,mobile
3QKNG,001-758-829-5819,mobile
AWFGJ,+1-120-142-7174x04360,work
AWFGJ,+1-047-597-2225,home
GQM6L,149-337-1622,mobile
GQM6L,811-739-0849x3860,home
3QPJE,+1-013-559-5035,home
3QPJE,296-462-6701x72739,work
TH5WQ,4707507047,mobile
GWCEK,+1-765-570-1540x9424,mobile
GWCEK,9420320439,work
HQF90,+1-584-196-4131x2637,home
4YOZ4,832-017-0236x491,mobile
K5CLT,8576924143,work
84243,874-872-2730,mobile
CB8WV,(584)464-9553,mobile
ELS9U,787-320-8795,work
ELS9U,886-711-8934,mobile
FBQKG,+1-303-443-3265,mobile
FBQKG,+1-921-869-3141x637,home
9UACF,424-701-0979x358,mobile
NIT79,968.955.1855x68096,home
NIT79,068-727-1085x8246,work
NIT79,237.374.5782,mobile
32D25,496-664-9509,home
D74FY,064-306-5372x161,mobile
L2EVX,+1-501-021-1289,home
L2EVX,+1-679-461-1407,mobile
7RFUM,001-312-357-9870x6114,home
7RFUM,(667)232-1245,mobile
7RFUM,+1-535-443-8260,work
YL6T7,(026)524-5297,work
YL6T7,+1-609-570-8373,home
O7HKP,001-153-250-6692x98658,work
9RSZ3,206.059.1471x54557,home
24933,001-052-336-1121x026,mobile
24933,900-264-4250x249,work
P3UIF,992.653.5140x67322,home
PS235,343.614.8807,home
PS235,+1-783-462-2560x96505,mobile
QGU1G,(192)680-7581,work
R71RZ,(043)928-7140,work
R71RZ,797-452-1643x638,mobile
LXLLZ,486.589.5269,home
LXLLZ,+1-572-504-8330,mobile
LXLLZ,8787720076,work
87KJ3,+1-934-218-9186x3599,home
87KJ3,8099394564,mobile
F5WTM,001-666-648-1227,mobile
XU3XN,001-745-605-6365,work
3O35F,+1-921-577-4706,work
3O35F,077-854-7016,mobile
3O35F,431.302.7441x4770,home
GNI6B,(643)305-3114x88570,home
GNI6B,+1-196-950-8532,work
01OHT,001-068-218-8163x165,home
01OHT,458.425.0356,work
VIKEF,718-504-0149,mobile
F4LE2,001-847-592-2074x6487,home
F4LE2,(517)913-4778x25289,work
FRH4L,000.192.5637,work
KAHY1,(964)580-3640,home
KAHY1,224.713.8236x398,mobile
KAHY1,001-342-891-7794x170,work
9EMHE,209-238-6495,work
YI585,002-007-6821x663,mobile
YI585,636.012.7309x1213,home
2NR1Z,870.081.1510x404,mobile
2NR1Z,(667)773-7851,home
2NR1Z,370-591-2171,work
J05YP,001-431-621-8175x43505,home
J670J,001-377-010-9093x724,home
3GLLQ,(031)892-3029x49086,home
3GLLQ,+1-198-116-1448x55613,work
T9YB8,001-482-140-8149x5606,mobile
T9YB8,165-626-0616,work
T9YB8,269.610.4774x427,home
TSTDQ,2770638232,mobile
TSTDQ,896.101.5537x791,work
V87IG,001-071-400-0445x133,mobile
C1NTG,067-604-8994x0529,mobile
OPS7M,433-068-8977x744,mobile
OPS7M,644-175-6679x3334,work
U9IHI,754-649-8937x3003,home
U9IHI,001-729-633-3791x8598,work
5JGBI,774-598-3482x23902,mobile
5JGBI,8840601806,home
UG4IB,001-027-649-4929x9412,home
U30BT,001-988-513-6670x31301,mobile
U30BT,131-484-4750x1729,work
U5R93,+1-075-479-1461,mobile
0VBVH,820-011-4697x272,mobile
0VBVH,001-097-382-2250x28263,work
GK7R7,0991678052,home
GK7R7,+1-778-942-3064,mobile
96A1O,815-138-2063x9379,home
3IZIO,497.582.4050x109,home
HS3Y5,(772)130-2643,mobile
DZC76,+1-168-043-9237x042,home
G9KLT,532-053-5748,work
G9KLT,001-092-672-0500x86233,home
YIYWG,7364606978,home
YIYWG,(970)549-3526,work
S7UM8,+1-387-707-0293,home
29OYG,6092380579,mobile
29OYG,+1-273-903-0812x5448,work
TWDIW,247-732-3157,mobile
Y85R4,828.480.9846,home
RFQBB,(344)040-2939,mobile
CB7EM,(119)603-2036x006,work
CB7EM,432-092-7503x89564,mobile
GJK7R,001-719-619-4946x013,home
EX0P4,+1-800-014-6817x54274,home
EX0P4,312-720-0758x561,work
K05VB,3402780907,home
K05VB,001-444-832-7924x5447,work
55LLX,0557013956,home
55LLX,001-976-274-7255x339,work
55LLX,001-740-465-5400x075,mobile
HEMHK,001-226-860-3268x3867,work
HEMHK,+1-637-534-7556x2341,home
D2UK0,+1-407-006-8014x854,home
GAQ3G,7835809835,work
GAQ3G,401-157-7972,home
3PM3M,071-952-5237,home
3PM3M,320-008-4205,mobile
JUDOH,001-840-355-4076x19837,work
JUDOH,003.106.5160,home
J458P,001-980-795-4539,home
BRE9O,+1-266-200-4472x778,work
JSUMG,5234786928,work
G00D1,+1-442-625-5390x397,mobile
XMLSC,+1-334-002-4509x6982,mobile
XU609,001-692-095-3140x965,mobile
K2VIU,965-752-9567x3566,work
W9PB1,407-192-4791x947,work
DX4HK,(490)645-0138,work
DX4HK,+1-496-753-4146,mobile
014TM,252-418-0158x17424,work
1HBQW,948.258.4473x64055,work
1HBQW,(385)671-0309x41041,home
1HBQW,437-375-9812x77864,mobile
80A8F,+1-709-293-1649,mobile
6EBHW,442-234-7665,home
6EBHW,+1-925-476-9626,mobile
P6AVV,463.354.6251x63463,work
P6AVV,997-974-7978x6232,mobile
31DDO,(874)235-2123,mobile
AADER,933-499-9375x20473,mobile
AADER,(175)627-4106x28040,home
ZRYY6,435.882.9176,mobile
ZRYY6,(378)316-8978,work
UVBIT,419-593-2460x90100,mobile
5PG9M,772-999-6845x7653,home
7M8II,495-787-7809x2934,mobile
7M8II,688-211-3576,work
CXRQA,001-864-325-1750x08253,work
A2I46,(956)826-6433,home
A2I46,001-588-517-1951x94813,mobile
B8HWI,+1-420-029-1180x039,home
NBQEK,+1-899-749-2169,home
ZST93,396-123-9381,mobile
ZST93,868.256.9465,home
BFNT5,945.628.5463x8734,home
1XG6O,115-403-6155x8525,home
RWR7B,001-973-518-6853x76721,work
RWR7B,(549)084-5991,home
YFJB3,(770)739-4464x99366,home
H1VZ6,001-621-767-4816x664,work
P53VO,+1-270-155-7563x1385,work
P53VO,(943)510-2389x48537,home
13DOA,399-520-4758,work
5JJX3,758.160.7858x4797,home
29003,9547029997,work
NKNLM,(959)402-5976x70920,work
NKNLM,+1-948-147-0449x4475,home
NKNLM,001-579-047-2502x1505,mobile
0096C,085.490.1884x298,mobile
GM8P9,001-435-115-5572x8820,home
AI784,1264749585,work
AI784,366.431.9787,home
X7H0W,659-593-3877,work
2R2RD,5635057712,home
1E2BT,(311)297-8987x97230,home
1E2BT,001-392-088-7534x59913,mobile
77KUY,397-772-2332x433,home
77KUY,592-338-3359x8850,work
77KUY,822-868-9198,mobile
JSST3,582-663-8696x77273,mobile
JSST3,756.465.6231x69538,home
ZZDL1,(888)387-5787,mobile
BJ5MR,417.984.1554,work
BJ5MR,001-587-855-3722x63618,mobile
MZKMH,(224)171-9583,work
MZKMH,(785)692-9366,mobile
KD4EF,001-040-618-1511x064,work
85HM1,(202)925-3561x1324,mobile
85HM1,(126)106-3793,work
AHN40,5013992483,work
R6GSN,947.876.5321,home
MMVUI,625.455.0489x198,work
MMVUI,+1-589-565-2730x24629,home
MMVUI,610.154.6076x88001,mobile
GMVCI,(025)379-2920x6978,home
GMVCI,+1-384-723-9239x763,work
0YDV7,+1-262-215-5173x13668,home
I1JY3,192-059-6781x0597,work
I1JY3,001-221-977-4329,home
I1JY3,001-796-432-3887x71104,mobile
G558B,001-917-300-6898x249,work
G558B,487-900-2936,home
UOSC6,8032870988,home
UOSC6,470.501.7310x589,mobile
L9RQP,762-988-6453,mobile
L9RQP,001-339-052-1753x30533,home
1IV22,677.069.7150,work
1IV22,+1-447-886-1701x822,mobile
8HVSN,(680)194-1778,mobile
8HVSN,838.280.4900x832,home
4UA1H,(908)847-9084x2003,home
4UA1H,306-043-1676x5847,mobile
3QX44,277.142.4889,mobile
V7MFZ,(342)765-2177x97915,home
V7MFZ,686.911.5965,mobile
7XN5B,841.421.1934,home
7XN5B,(707)287-5787,work
HLYRJ,+1-005-661-9220x02308,work
HLYRJ,586.152.7829x3822,home
XQFKW,001-487-886-2269x6847,work
XQFKW,001-225-422-5740x9381,home
11RRN,+1-053-652-8125x854,work
11RRN,488.348.0815x1822,mobile
L20JI,001-705-548-4329x357,mobile
L20JI,080-506-0736x13589,home
3LM05,348.501.9929,home
3LM05,+1-260-035-6758x3932,work
DQHRQ,+1-120-886-5155,mobile
BKW17,001-171-518-5239x6577,work
UQEWZ,376.770.8423x520,home
N3780,+1-257-348-3182,home
N3780,+1-765-474-5395x5291,mobile
N3780,908-605-3814,work
JEF0X,584-381-3419x25830,mobile
F6ASA,183-109-4476x401,work
F6ASA,+1-929-876-0269x6861,mobile
NHU5L,754.859.6274x4994,mobile
56WIZ,001-678-242-4055x683,work
0UIH1,817-098-5162x592,work
0UIH1,765-484-2965x352,mobile
WCV7M,+1-247-689-5223x2441,work
WCV7M,221.604.6787x240,home
6QFD3,756.408.0511,work
MAQ20,001-746-515-4732,home
YA5CE,196.020.8254,work
YA5CE,+1-624-810-1025x445,mobile
A738K,183.070.9548,home
TCL8K,(307)180-5344,work
TCL8K,001-468-833-8566x8063,home
GJD91,692-611-5462,home
GGH7M,001-240-994-6371,home
GGH7M,492-461-7670,work
GGH7M,(164)036-5969,mobile
RLPWY,1777736280,work
RLPWY,7780827395,home
ZD8HY,969-564-7034,work
ZD8HY,001-398-361-2616x122,mobile
ZD8HY,929-715-1380,home
C0DKH,284-984-2886x0989,mobile
C0DKH,958-923-3291x03598,work
8DO01,469.178.5863x840,home
8DO01,776-169-9607x7501,work
NHTXB,+1-918-623-8044,home
ARPGW,+1-677-158-0311x974,mobile
21LO7,448-785-9081,work
NCDRU,001-015-657-9365x038,work
NCDRU,+1-700-557-6483,home
58HMO,(068)578-6591x9491,home
BWBBV,952-985-7232x70578,home
BWBBV,001-423-740-4777,work
BCD6Y,590.723.2783x198,work
BCD6Y,001-529-949-0425x03357,mobile
7GL41,264-653-7763,home
FOTYF,001-029-405-7835x768,work
UTXQ0,(639)884-0497x6527,home
UTXQ0,468-138-8802x9580,work
3AFOH,009.855.2525x2642,home
8ADGX,001-780-318-7217x634,mobile
RLY94,6149341611,home
0KWBK,001-629-154-3774x325,work
C9PNG,127-488-8974x937,mobile
C9PNG,162-383-5999,home
UEAU3,(291)174-3774,home
UEAU3,852.667.9845,mobile
IHYZO,539.811.3869x96352,mobile
QY4TX,754.097.1433,home
QY4TX,+1-960-040-4081,work
DI0C5,466-209-9320,mobile
DI0C5,+1-059-644-2158x9506,home
DI0C5,970-962-9452x19641,work
P1GGZ,696-843-8774x2626,home
8HSSP,773-679-2079,mobile
FXVJ8,889.842.1231,mobile
FXVJ8,(039)577-1549,home
FXVJ8,001-991-897-7833x70366,work
KS0M9,(722)463-8198,mobile
O2GM5,001-191-306-5560,home
4O0Y5,001-712-714-6519,mobile
DUO19,619.442.3266x1088,work
PGGZR,(030)918-8884,mobile
UV3UZ,001-863-596-4436x265,work
LNK75,781.162.8797x1749,work
NWBZ2,(018)037-2444x894,home
OQRY2,747.575.5111x264,work
OQRY2,499.609.1491x7035,home
OQRY2,292.990.9502x68723,mobile
3KFLS,(946)411-1298,home
3KFLS,122.542.7505,work
825NZ,001-260-782-9161,mobile
825NZ,001-340-005-2483x88603,home
ZZSO4,+1-960-643-2886x215,home
2BO7X,001-400-773-1328,home
OEVFB,253-328-6197x3422,mobile
YNRQM,739.526.3152,mobile
YNRQM,770.552.8761x143,home
4E6TM,+1-132-338-6228x7623,mobile
4E6TM,+1-037-674-4423x01712,home
4CXZQ,824.566.9259x998,mobile
4CXZQ,239.850.6167x16802,home
6RSQM,875.758.4868x4815,work
6RSQM,4133216620,home
LAZEE,001-282-478-4574,home
MZY5D,851-657-2226x9015,home
8ZSZV,001-394-220-2005x574,mobile
428TG,061.672.1246x20613,home
LE2PZ,(562)622-0287x329,mobile
PS575,0564677610,home
VJ7BS,001-087-355-3065x897,mobile
VJ7BS,1567975004,home
HGTUB,(776)671-8429,home
R2YNB,(214)934-5051x13349,work
MS8HE,+1-604-169-4609x99565,home
GPJ8L,001-200-217-8667x757,mobile
FUR3X,001-154-456-1260,work
A34BI,+1-852-981-8211x7671,work
A34BI,(036)973-3864,home
X8DQM,144-210-5201,home
L9Z76,554-383-0761x52251,mobile
34CO5,001-903-709-8041,work
34CO5,850.889.8543,home
WP5LA,179-138-2527,home
WP5LA,+1-666-981-2146x3300,work
YTILS,294.861.2065,home
YTILS,001-977-968-3790x6202,work
UHK0I,(859)227-8784x341,work
6K1RV,198-567-7693,home
6K1RV,0361881620,work
6K1RV,(380)398-5543,mobile
CUYEM,344-173-2068x52878,home
9H7FL,001-792-143-3690,home
9H7FL,001-106-194-7541x08647,mobile
9H7FL,(574)359-2290x5309,work
FUB20,(090)533-8210,home
FUB20,4503642521,mobile
4Z5VC,(113)235-4216,work
4Z5VC,(196)742-9897x4152,mobile
2CS1W,+1-605-227-8004x28656,home
6XUOQ,118-726-8086x96032,mobile
XYUHX,4810697869,mobile
2B9LL,2784273884,work
2B9LL,585.024.1633x9297,mobile
M22VL,910-361-4046,home
M22VL,+1-844-194-1369x5802,mobile
M22VL,710-150-5143x49458,work
SFE8H,9938393458,home
SFE8H,210.328.0913,work
COVLS,963.747.4611x2676,home
HI202,(896)674-6847,mobile
HI202,776.191.0008x757,work
67EYU,001-354-171-5879x356,work
67EYU,0525350074,mobile
L18JT,793.962.9068x520,mobile
A2ZTX,4987879639,work
U6275,8616611637,mobile
U6275,451-260-7172x394,work
KV5S9,527-073-4439x204,work
KV5S9,001-792-747-4202,mobile
CK3WB,585.716.7779x2921,mobile
CK3WB,3735945068,home
ZB7CT,(623)579-8065x8605,home
ZB7CT,078.845.9004,mobile
T9ZSG,+1-929-478-4339x1997,home
T9ZSG,001-517-424-8524x930,mobile
QN8ZE,001-039-198-6778x16025,mobile
H3RDT,7641257021,mobile
F1I7H,+1-600-140-9495,work
F1I7H,1380929166,home
HYBE0,+1-499-330-0613,mobile
HYBE0,001-775-130-0361x210,home
HYBE0,001-168-721-0554x12017,work
XUPLB,+1-396-040-3435x93396,work
XUPLB,880.457.9753x1790,mobile
80DGW,+1-580-220-9477x984,work
C07UU,441.678.1097,home
C07UU,926-092-8440,work
KU4UY,(583)564-6485x329,home
KU4UY,(039)157-8020x789,work
2O26M,916-760-3070x74755,work
1A7TF,419.529.4534x3582,home
V9QH1,183.416.9782,work
4MSI6,001-233-211-8301x874,mobile
1JCS5,092.668.1362,home
U4K0S,2138916903,home
JIAY9,510.576.0898,work
MDIBN,+1-706-969-8298x2143,work
PKSKL,+1-470-048-4308x548,mobile
NW0RD,942.830.0262,mobile
NW0RD,+1-304-302-7385x93147,home
NW0RD,111-690-6870,work
R9VGY,+1-683-763-8576,mobile
0YU61,+1-751-112-2663x702,mobile
0YU61,3045294500,work
HGSO8,(228)137-8374x231,home
CX5HZ,421-590-3997,mobile
PQ1WL,939-786-0506x75640,home
Y905T,001-426-053-9219,mobile
Y905T,(587)878-2972x552,work
S2EUS,3401327797,work
S2EUS,781.082.7225,home
ALA9F,078-052-7505x76796,mobile
1FSGF,(730)878-7735,work
4LPMU,001-030-849-5257,work
4LPMU,223.983.8759x9873,home
PQ2DG,405.166.7605,work
N2MTA,299-920-1842,work
JNXG1,(912)244-3237,work
PCAC7,(995)750-8061x945,mobile
PCAC7,837.267.8390x625,home
HL4LT,112-635-7407x50093,work
MYP8U,(135)713-1128x24335,work
MYP8U,+1-909-537-3057x416,home
KAA41,708-243-0674x35199,work
KAA41,860.878.8206x5670,mobile
KAA41,117.007.9377x48598,home
3GV4L,9984850931,home
NUPCW,(890)506-5460x2817,work
GAMUW,+1-986-012-8028x6749,work
KMUAX,001-280-017-9666,mobile
KMUAX,+1-654-269-8328x35348,home
V1RZB,+1-871-328-8077x253,work
V1RZB,484.016.6126x1624,mobile
5FUOS,(337)867-8360x29688,mobile
PJGUI,715-363-9328,home
7KG61,(028)926-6248,work
VP7XA,739-636-1042x4079,work
3M1YI,1570751103,home
29IRK,(654)420-6060x750,work
XKU7K,001-324-727-2007,work
Y4RHZ,+1-818-975-9815,home
FYQCT,+1-260-058-0942x2880,home
